clientId,first_name,last_name,currency,balance
1,Davide,Setter,PHP,865714.69
2,Micky,Cliffe,YER,617605.25
3,Tremaine,Inwood,CNY,139207.2
4,Wendy,Olivari,BRL,993226.06
5,Mack,Timmis,TMT,669147.77
6,Maureene,Bayston,BRL,112794.59
7,Jobey,Vondrach,EUR,682604.25
8,Darren,Eades,CNY,506961.12
9,Winny,Kellog,IDR,810182.29
10,Lyda,Ksandra,MXN,271566.78
11,Clair,Surcomb,CNY,31939.49
12,Sanderson,Bramhall,MGA,465065.83
13,Katya,Almey,ETB,442420.02
14,Peria,Banker,CNY,510545.81
15,Hubert,Smittoune,PLN,764543.7
16,Desi,Gwilliam,EUR,182452.85
17,Tildy,Lindsley,RUB,495637.14
18,Braden,Stonelake,CNY,672174.75
19,Hilary,Colquit,CNY,431695.75
20,Putnem,Serginson,CNY,798965.45
21,Chicky,Ledster,RUB,698378.65
22,Kerwinn,Dennant,MXN,207974.84
23,Kenna,Matusov,CNY,648153.09
24,Fields,Dunckley,CNY,806108.85
25,Anette,Denkin,BRL,143118.96
26,Lyell,Fattori,NGN,22976.11
27,Polly,Franek,MXN,877581.17
28,Galina,Vanelli,PLN,165628.24
29,Melli,Dacke,EUR,19741.35
30,Melba,Yandell,PAB,405125.02
31,Kendre,De Bruin,CNY,830447.31
32,Janine,Boshere,CNY,508878.3
33,Jan,Raffon,EUR,211518.6
34,Ed,Woodier,NGN,412956.46
35,Dew,Higgan,IDR,813665.81
36,Manfred,Brunstan,PLN,751092.48
37,Anthia,Grigolli,AMD,102777.52
38,Janeen,Aleksankov,ARS,189345.29
39,Dill,Christaeas,IDR,404756.08
40,Romonda,Eingerfield,USD,982926.01
41,Dame,Basley,IDR,740154.55
42,Charlean,Paulo,NGN,955757.45
43,Tudor,Wykes,BSD,477029.86
44,Derek,Skillett,CNY,670402.17
45,Jenna,Porcas,CNY,12935.77
46,Genny,Gay,JPY,215548.48
47,Quent,Core,ETB,301855.57
48,Alair,Amar,TJS,521470.82
49,Clark,Schubart,IDR,570593.2
50,Judah,Caramuscia,RUB,654356.51
51,Alphonso,Guyonnet,RUB,45370.4
52,Sandra,Bazire,BYR,778726.33
53,Tab,Beddon,COP,33385.23
54,Elle,Hove,MXN,583811.52
55,Marshall,Fayers,CAD,31123.09
56,Tildie,Painter,JOD,260321.62
57,Mariam,Van Waadenburg,IDR,110234.46
58,Bendix,Huckster,IDR,326291.44
59,Marla,Sommerscales,CNY,998216.09
60,Gerardo,Gavrieli,PLN,13782.12
61,Aretha,Baraja,PHP,776752.14
62,Benni,Snelgar,CUP,340131.1
63,Kanya,Barwick,IDR,747540.61
64,Pepe,Masterman,IDR,710432.7
65,Flory,Spawell,COP,982032.95
66,Shandra,Dockrey,BRL,106468.73
67,Rowe,Brimner,XAF,64167.2
68,Ervin,Jamison,IDR,937439.6
69,Fleming,Challens,THB,264162.52
70,Elton,Deporte,USD,595284.29
71,Sigismond,Kowalski,BRL,948700.18
72,Darrick,Vickerstaff,CNY,549300.04
73,Timmie,Bonafacino,CNY,414793.5
74,Brandie,Dobeson,CNY,698649.16
75,Yorke,Tomasino,DOP,50116.8
76,Erhart,Gulleford,KPW,523490.12
77,Crissie,MattiCCI,CNY,894238.38
78,Kora,Belham,PEN,452960.1
79,Trevor,Carlill,CNY,459777.32
80,Clark,Altham,CNY,728258.96
81,Ricard,Iacovacci,CZK,664168.65
82,Yank,Kosel,IDR,735648.65
83,Anastassia,Catlette,NOK,332493.39
84,Perrine,Cauderlie,EUR,631842.91
85,Lemar,Monahan,CNY,551087.25
86,Emmalynn,Bohler,UAH,930720.75
87,Minetta,Doby,CAD,529585.96
88,Antoinette,Puddicombe,RUB,906876.81
89,Romain,Chazelas,IDR,255908.72
90,Anjanette,Simeone,LKR,386137.17
91,Kinnie,Gussin,RUB,627647.08
92,Fritz,Rivalland,PHP,179504.71
93,Gayler,Stockney,CNY,386646.56
94,Martguerita,Van Leijs,ARS,375038.13
95,Hermon,Cavill,PHP,608939.83
96,Pia,Hynam,EUR,477320.94
97,Valentia,Laborda,BDT,407383.52
98,Barris,Cudiff,EUR,252355.06
99,Lori,Belchambers,CNY,605592.51
100,Carly,Rutledge,IDR,910463.11
101,Ursuline,Sybe,CNY,157098.78
102,Kipp,Wedderburn,MKD,124347.03
103,Genevieve,Gligoraci,NZD,805559.99
104,Maegan,de Almeida,USD,20337.03
105,Shina,Tanser,ILS,428748.37
106,Hermie,Sacher,IDR,560216.58
107,Trev,Bonnier,GBP,876945.12
108,Suzanne,Warlawe,PLN,63544.53
109,Kile,Dikes,HRK,281013.71
110,Kissee,Jolliman,NOK,752946.03
111,Merrile,Deedes,AFN,639766.29
112,Maddie,Ryland,RUB,899034.39
113,Pasquale,Whittles,EUR,959918.41
114,Alfreda,Piatkowski,CNY,260149.99
115,Caroline,Charrier,COP,905558.15
116,Josselyn,Dallon,CNY,173967.76
117,Aleda,Strafford,BYR,499240.23
118,Jeff,Peto,PEN,557234.98
119,Anne,Boothebie,IDR,500339.12
120,Damita,Long,CNY,214795.6
121,Elwin,Sutheran,CNY,292891.11
122,Tony,Jennions,CZK,647666.79
123,Alvinia,Phayre,CNY,630553.34
124,Kleon,Thoresbie,AZN,924277.43
125,Erv,Janaud,EUR,342866.85
126,Chad,Masarrat,IDR,562147.93
127,Konstance,Gercke,PLN,31694.09
128,Jeanie,Biscomb,CAD,550655.64
129,Prent,McCrostie,ARS,781309.82
130,Huey,Lound,RUB,755150.76
131,Diana,Woodyer,ILS,185032.52
132,Anatole,Thumim,NGN,792264.95
133,Marti,Shawyers,PEN,628216.96
134,Brianne,Dumbell,CNY,5392.16
135,Lyndsey,Dummigan,EUR,350525.4
136,Jamie,Torri,EUR,208064.69
137,Benson,Castilljo,CNY,414947.45
138,Grove,Judd,BRL,327562.49
139,Danika,Phippard,IDR,660838.01
140,Anthea,Churchley,PEN,899925.79
141,Sandro,O'Sullivan,CNY,942401.59
142,Leslie,Guntrip,PKR,152629.64
143,Buddie,Arpino,THB,314093.93
144,Dal,Bracken,CZK,417971.28
145,Merilyn,Rowler,CNY,709748.09
146,Odetta,Stocks,RUB,784102.48
147,Corabella,Baggarley,DOP,369542.31
148,Lucinda,McGlew,ARS,31730.91
149,Vere,Cherry,USD,357507.4
150,Vale,Fortin,CNY,13744.64
151,Sidney,Biscomb,IDR,282173.66
152,Zebulen,Ricardet,KGS,128948.64
153,Mick,Coulthurst,RUB,719779.48
154,Addison,Stoffels,CAD,412678.16
155,Karena,Van Halen,EUR,607508.3
156,Ivor,Pylkynyton,CNY,57230.92
157,Anthony,Armytage,THB,790344.72
158,Far,Lock,EUR,181292.41
159,Ewart,Raund,PHP,738822.26
160,Henriette,Heathfield,IDR,706254.51
161,Massimo,Emmens,EUR,897367.19
162,Aveline,Libri,EUR,432598.49
163,Jesselyn,Brookes,PHP,80610.79
164,Brandais,Josefowicz,ILS,334775.11
165,Welby,Dog,CNY,95263.43
166,Lexie,Muldowney,CNY,740173.98
167,Sebastien,Likly,PHP,442417.69
168,Randall,Mecozzi,PLN,300676.9
169,Marin,Maudlen,CUP,905014.5
170,Ferdinand,Bennough,ARS,742226.96
171,Granthem,Wildash,RUB,410274.13
172,Ravid,Oats,USD,465895.87
173,Noami,Bromont,EUR,272598.85
174,Lurlene,Beaney,CNY,698397.06
175,Allen,Keelin,IDR,575651.05
176,Zebulon,Hollindale,BRL,149549.09
177,Rahel,Farres,NGN,759402.47
178,Pattie,Beckingham,MYR,346724.74
179,Abra,Hammer,CNY,230352.33
180,Vanna,Newcomen,CNY,430102.23
181,Ollie,Izchaki,EUR,556264.97
182,Donalt,Manktelow,ETB,442536.3
183,Brion,Nias,CNY,931158.35
184,Wendall,Rumming,EUR,471200.69
185,Lalo,Gencke,RUB,563077.44
186,Weber,Alldread,PHP,439971.45
187,Abby,Paling,CNY,813644.32
188,Trenton,Reneke,ZAR,614557.35
189,Skipp,Hallin,MYR,555904.22
190,Jennette,McGeachie,CZK,27787.63
191,Cletus,Polson,JPY,901943.29
192,Leonanie,Mountford,MYR,381872.01
193,Nettie,Warmisham,HNL,866107.05
194,Oralle,Mulvaney,CNY,113658.54
195,Mortie,Shelvey,HNL,376862.59
196,Pietrek,Cail,CNY,32801.73
197,Reamonn,Middis,VEF,100373.63
198,Blinny,Gethings,RUB,203689.65
199,Borg,Drillingcourt,ZAR,710075.14
200,Reade,Marusyak,PKR,434349.06
201,Karlik,Caughte,CZK,740458.91
202,Marney,Radage,PHP,806605.88
203,Kinny,Otham,PHP,95838.11
204,Edouard,Jerok,RSD,405558.7
205,Glenden,Boston,RUB,408584.67
206,Berty,Altamirano,UGX,370337.63
207,Fred,Rome,CNY,658107.23
208,Carlee,Casoni,IDR,275082.06
209,Desi,Lucien,CNY,786147.04
210,Jinny,Dacre,CNY,503530.71
211,Vassily,Frain,BOB,504887.07
212,Anselma,Bezarra,ALL,475260.96
213,Theressa,Krysiak,USD,898449.65
214,Del,Cloy,UAH,334137.32
215,Pauly,Charkham,MGA,565566.54
216,Currie,Justis,BRL,856297.23
217,Way,Gantzman,UAH,393359.92
218,Nelia,Scase,EUR,599207.09
219,Ceil,Thal,EUR,332046.93
220,Emory,Kobpac,IDR,131097.56
221,Krysta,Jaffa,PLN,693507.76
222,Buiron,Bedow,GTQ,844742.97
223,Jarret,Willey,IDR,578352.46
224,Pat,Bowden,CNY,309932.71
225,Noble,Dasent,PHP,43514.16
226,Carole,Pickthorn,JPY,133060.15
227,Teodorico,Joynson,PHP,554657.73
228,Deanne,Chevolleau,IDR,194479.74
229,Bel,Corlett,NZD,516837.98
230,Pincus,Menilove,ILS,362804.26
231,Eliot,Topp,SZL,317136.96
232,Lane,Bennen,IDR,928957.09
233,Stacy,Sparkes,PHP,504531.11
234,Lutero,Rochford,BRL,822490.66
235,Conroy,Feldberg,KES,282569.93
236,Violette,Peepall,CNY,735191.27
237,Romona,Pummery,HNL,769970.57
238,Rutter,BoHlingolsen,CNY,305442.81
239,Madlen,Tapin,EUR,870267.26
240,Hobie,Melin,SEK,817561.79
241,Quillan,Spalls,COP,329162.2
242,Indira,Whyborn,PLN,172098.94
243,Nita,Smetoun,PEN,682839.77
244,Lianna,Vanyarkin,TND,99278.34
245,Anya,Grimsdell,SEK,736771.43
246,Kara,Cloutt,COP,130839.01
247,Derrek,Champ,IDR,92168.1
248,Alvira,McLise,CZK,545577.45
249,Ardra,Biscomb,ILS,929576.15
250,Dwayne,Couch,RSD,428744.55
251,Giulio,Cessford,AMD,61227.86
252,Lewes,Steggles,PHP,288584.37
253,Celie,Neubigin,ILS,708732.51
254,Artur,Febre,LAK,281968.62
255,Cara,Danskine,PEN,861926.21
256,Goldarina,Jirek,CNY,593359.74
257,Asia,Moreby,UAH,87591.01
258,Midge,Pople,CZK,764197.38
259,Irma,Gilcriest,TJS,253443.97
260,Yasmin,Suttill,IDR,58510.49
261,Hedvige,Durtnel,EUR,431681.04
262,Marianna,Benettelli,RUB,311453.42
263,Evan,Patry,MYR,894845.34
264,Antonina,Meltetal,EUR,900924.87
265,Hogan,Jansie,CNY,88395.45
266,Raychel,Telfer,USD,887103.99
267,Dagny,Tippetts,MKD,872041.83
268,Darcie,Borsnall,CNY,945254.9
269,Meggi,Noseworthy,CNY,883508.6
270,Loy,Tesimon,BRL,67541.65
271,Elwin,Tibald,EUR,795172.83
272,Tyne,Reely,PLN,664168.37
273,Gael,Blaik,CNY,58728.46
274,Laurent,Saward,EUR,14515.24
275,Forbes,Gergher,CNY,16811.62
276,Peg,Macken,IDR,641277.26
277,Odie,Madgwich,CNY,250285.65
278,Zacharie,Markson,IDR,97445.86
279,Letizia,Tran,CNY,525180.27
280,Kalindi,Kemer,EUR,439485.39
281,Amble,Mullins,EUR,403227.59
282,Etta,Menpes,IRR,40328.07
283,Flinn,Dingwall,CNY,953194.83
284,Francene,Babbage,MWK,670003.34
285,Eldredge,Coldridge,NGN,625762.56
286,Darren,Winckworth,IDR,904198.06
287,Arther,Seif,UAH,851135.19
288,Georgia,Hamshar,CNY,168012.39
289,Hermy,Trevaskus,SEK,518642.39
290,Andy,Glenton,IDR,178331.35
291,Adair,Mitchely,CNY,435624.65
292,Shellie,Ridges,EUR,916640.99
293,Dorolice,Tille,JMD,564816.54
294,Elvera,Stripling,PLN,76231.78
295,Caron,Konneke,UAH,168621.24
296,Tamas,Rodgman,PLN,291799.97
297,Mia,McInteer,AZN,453837.06
298,Kate,Huzzey,BWP,133070.02
299,Kalvin,Chastan,EUR,76093.0
300,Webb,Perotti,CNY,950921.43
301,Ezequiel,Iltchev,JMD,167954.82
302,Langsdon,Meates,CNY,610574.76
303,Briney,Sinson,BDT,778495.46
304,Hazel,Levick,SEK,738463.2
305,Junie,Lemmers,CNY,475371.72
306,Humbert,Anthill,CNY,280630.03
307,Rodger,Sartin,BRL,411603.4
308,Horacio,Leworthy,RUB,996035.6
309,Gabriellia,Minihan,EUR,379898.73
310,Zena,Thumim,CNY,961732.54
311,Arly,Janway,CNY,186570.76
312,Ransell,Drabble,CNY,469988.42
313,Benton,Dismore,IDR,521668.16
314,Jandy,Elsay,SEK,628199.58
315,Cosme,Alp,CZK,131812.98
316,Read,Ivashechkin,MXN,755670.48
317,Panchito,Chaff,ZWL,334961.51
318,Rhys,Velez,IDR,268173.16
319,Golda,Rieme,PHP,196697.03
320,Dasha,Winders,IDR,517664.45
321,Becky,Wordesworth,PHP,616492.35
322,Heidie,Stuck,PAB,793703.99
323,Hercule,Oats,EUR,81950.72
324,Marinna,Matijevic,RUB,491734.84
325,Melloney,Kadar,MNT,839858.23
326,Lennie,Armatidge,UAH,454855.35
327,Sylvia,Drivers,BRL,580733.19
328,Patrice,Matveichev,RUB,300246.04
329,Hadlee,Zukerman,MNT,650171.65
330,Gilemette,Rochford,MXN,338923.18
331,Vita,Fortune,BYR,523370.09
332,Lynna,Petr,IDR,948482.89
333,Lane,MacLennan,VEF,736476.85
334,Elfrieda,MacCartan,JPY,373870.53
335,Karolina,McOrkil,CNY,745327.61
336,Marsh,Dayne,IDR,482570.19
337,Mohandas,Deam,CNY,79861.3
338,Wally,McClintock,PLN,733353.06
339,Rolland,Blackston,EUR,79363.65
340,Agosto,Klesl,PLN,72355.65
341,Ingemar,Andreoletti,CNY,463430.9
342,Darren,Di Biasi,CNY,477820.47
343,Roth,Scrimshaw,HRK,195389.77
344,Rudyard,Raikes,IDR,374067.98
345,Brandise,O'Mannion,PHP,868590.83
346,Edward,Axon,CNY,180467.62
347,Millie,Harome,EUR,731045.11
348,Caitlin,Sutter,BGN,992604.76
349,Maxim,Langelay,JPY,574055.38
350,Sonny,Bierton,HNL,579950.6
351,Florrie,Vasyunin,CNY,221305.03
352,Ardelis,Rappa,EUR,662377.92
353,Port,D'Ruel,KZT,776773.89
354,Ryan,Meredyth,EUR,345053.7
355,Oralla,Schops,SEK,588116.84
356,Harper,Valenti,EUR,460629.88
357,Michaela,Impy,UGX,896864.12
358,Bryn,Shimman,IDR,745838.76
359,Lorianne,Wemes,GMD,442141.74
360,Kissee,Gelland,RUB,653125.94
361,Malcolm,Boller,KZT,488312.67
362,Jerrilee,Dalgardno,IDR,777307.05
363,Meara,Slafford,PLN,227065.82
364,Bridie,Woodfin,COP,782040.0
365,Goraud,Gaisford,RUB,817867.74
366,Nelie,O' Quirk,EUR,843333.67
367,Julie,Franchi,IRR,890732.47
368,Erhard,de Najera,KZT,839427.37
369,Delaney,Pawels,CNY,536208.72
370,Allistir,Gyorffy,MXN,901350.72
371,Eleni,Acaster,MAD,915426.52
372,Linette,Olivier,EUR,981374.12
373,Debbi,MacKaile,PKR,824629.54
374,Aubry,Mannion,IDR,601596.29
375,Carin,Machan,PHP,694432.62
376,Alley,Connold,COP,611421.04
377,Ingeberg,Sheddan,MKD,292146.91
378,Hynda,Comport,USD,697644.06
379,Hamid,Sancto,ZAR,836560.81
380,Alvin,Tapin,RUB,261544.59
381,Shea,Van Vuuren,IDR,182895.34
382,Sallie,Pycock,PLN,65606.91
383,Joly,Ricardet,BRL,351809.48
384,Stanislaw,Wenderoth,IDR,904145.97
385,Elisabeth,Hooban,UAH,867412.94
386,Toddy,Hornig,CDF,637166.69
387,Fred,Govey,BRL,593181.18
388,Kittie,Emburey,IRR,990532.5
389,Charmaine,Betke,EUR,172672.32
390,Tanitansy,Harkin,EUR,122959.87
391,Killie,Godfrey,IDR,304182.22
392,Allx,Fortoun,UAH,121113.85
393,Garik,Veelers,MAD,634250.9
394,Harwell,Jecks,DKK,358074.85
395,Nathalie,Stockall,ALL,186593.56
396,Bekki,Risbridge,EUR,826194.34
397,Stephani,Gosz,EUR,904136.1
398,Rinaldo,Rochell,CNY,320992.18
399,Liuka,Wynrehame,EUR,287904.73
400,Bettye,Hannen,IDR,633510.53
401,Shellysheldon,Najara,HNL,224433.06
402,Townsend,Petracco,EUR,168662.89
403,Hollis,Merington,HNL,629188.35
404,Marty,Giaomozzo,IDR,310667.86
405,Ariela,Jori,THB,463386.13
406,Catha,Lovell,CAD,906578.67
407,Lorne,Sainsbury-Brown,EUR,284104.88
408,Darcy,Paulusch,PKR,851741.85
409,Merrilee,Bawme,RUB,407254.97
410,Alasteir,Andover,RUB,174190.56
411,Hyacinthie,Bydaway,BRL,680840.56
412,Mata,Catterson,DJF,833526.39
413,Ursa,Tireman,EUR,772242.18
414,Xaviera,de la Valette Parisot,USD,688500.17
415,Kennan,Ivankovic,AWG,360162.23
416,Dorisa,Gascard,BRL,534348.13
417,Leta,Crisp,EUR,308664.49
418,Sallee,Hyde-Chambers,CNY,144824.69
419,Millard,Steer,SYP,475087.14
420,Trudi,Borley,CNY,573959.79
421,Dorie,Flemmich,IDR,227544.93
422,Alford,Tassaker,MXN,718397.64
423,Leodora,Pocknoll,CNY,687730.59
424,Danita,Hassekl,UAH,491375.49
425,Judas,Bloys,PHP,740189.23
426,Rochelle,Pollack,CAD,147030.75
427,Georgiana,Byk,CNY,684162.49
428,Dorian,Pavie,UZS,801596.65
429,Torry,Arndell,PLN,459338.61
430,Cherise,Measor,HNL,867760.88
431,Verla,Stoppe,JPY,578550.15
432,Nettle,Howden,RUB,749300.43
433,Kaila,Mustoe,RUB,720797.92
434,Marys,Kemer,BRL,423598.45
435,Amanda,Ioan,IRR,930499.33
436,Ulises,Lowless,IQD,827669.3
437,Reece,Dobbing,IDR,757015.18
438,Gaylor,Gilstoun,RUB,453569.75
439,Buckie,Burbury,RUB,463243.67
440,Corrinne,Pittock,CNY,931719.26
441,Ashby,Chesterman,CNY,421577.81
442,Mora,Bayston,XPF,320403.47
443,Akim,Ricardo,EUR,719873.88
444,Raoul,Gorghetto,VND,796356.45
445,Raphael,Lilywhite,PLN,683475.69
446,Maitilde,Shiel,PHP,830574.88
447,Meridith,Hearnden,RUB,123607.87
448,Hanny,Rowling,USD,501985.49
449,Kerwin,Richmont,JPY,915842.5
450,Sam,Abramamovh,ZAR,691163.79
451,Ezmeralda,Pitway,COP,663018.81
452,Yankee,Guillet,MKD,375080.74
453,Wilhelm,Cocci,IDR,505923.3
454,Efrem,Bartoloma,TJS,156599.13
455,Hart,Egalton,EUR,784008.29
456,Wye,O'Mailey,IDR,25595.12
457,Eddie,Mulbery,EUR,9440.24
458,Lisa,Casacchia,CLP,791193.85
459,Steward,Fitzgerald,MAD,496529.96
460,Judas,Sickert,CNY,926262.08
461,Kippie,Roantree,BRL,717490.88
462,Laurel,Polfer,CNY,55799.32
463,Menard,Ransom,PAB,370004.05
464,Gay,Bonny,CNY,135064.32
465,Kirstin,Peters,CNY,514164.51
466,George,Frow,PEN,288265.07
467,Gilligan,Siccombe,BRL,782043.82
468,Rice,Vondracek,CNY,259352.69
469,Keith,Ferro,CNY,696260.49
470,Kurtis,Partener,SEK,283254.06
471,Karl,Tendahl,RUB,254956.94
472,Monte,Wansbury,RUB,346662.75
473,Hayes,Glazier,CNY,251516.96
474,Zarla,Pritty,EUR,189401.64
475,Gino,Leathlay,CAD,212817.08
476,Kippar,O'Hare,IDR,913177.64
477,Neille,O'Hartnett,CNY,431799.18
478,Rochette,Charge,JPY,577969.64
479,Jo ann,Tomaszkiewicz,EUR,1609.06
480,Karita,Mixter,CNY,266808.66
481,Marice,De Hailes,CNY,801704.45
482,Edlin,Turton,CNY,641356.29
483,Lind,Tinston,EUR,522001.75
484,Piggy,Harnor,JPY,317712.55
485,Shana,Wilcox,BYR,58027.37
486,Sigismundo,Fallen,MXN,792706.44
487,Ruddy,Feldmesser,KES,78173.36
488,Joleen,Ream,PHP,847777.75
489,Gabriela,Standon,AFN,587079.73
490,Kelcie,Ransfield,KRW,127561.3
491,Rozele,Nilles,SEK,720131.15
492,Garnette,Ousbie,CNY,20934.16
493,Kylynn,Remer,PHP,33100.87
494,Minerva,Behrens,CNY,48775.18
495,Ambros,Jolly,EUR,112534.84
496,Cross,Pauluzzi,UAH,670381.34
497,Gregg,Bartolijn,PHP,797226.51
498,Tisha,Sydes,IDR,149614.02
499,Amy,Saladin,KMF,980082.1
500,Dita,Isakovitch,CNY,54551.79
501,Peterus,Sanchis,COP,100783.79
502,Emmott,Stow,CNY,807070.71
503,Kylynn,Vedishchev,EUR,360501.97
504,Johan,Powe,LTL,420450.07
505,Elga,Lars,IRR,431655.26
506,Antoine,Poff,TJS,305442.26
507,Erinn,Foucard,IDR,94744.04
508,Gardner,Baldini,MYR,430884.35
509,Arabele,Stoyles,UAH,103956.44
510,Zsa zsa,Wolffers,PLN,210781.9
511,Sarette,Ramlot,CNY,556758.85
512,Linn,Hudd,CNY,921713.24
513,Merrili,Petz,KRW,839942.94
514,Goldia,Stoller,HRK,430140.53
515,Judith,Topham,IDR,224027.13
516,Jorry,Thirtle,IRR,421433.67
517,Cami,Eckersall,BRL,835345.42
518,Wilmer,Boynton,USD,774540.61
519,Cathie,Handy,SEK,363728.25
520,Byram,Brodeau,JPY,523050.88
521,Pernell,Lamasna,IDR,88618.06
522,Therese,Blewis,RUB,891137.48
523,Maurizio,Earngy,EUR,664902.37
524,Raoul,Beaulieu,IDR,184205.98
525,Hobey,Pascoe,MXN,849541.81
526,Josh,Corselles,SOS,241233.3
527,Wendell,Briereton,IDR,10972.52
528,Trixy,Babbe,AMD,333002.99
529,Rutter,Possa,CNY,620589.36
530,Babette,Kas,CNY,857105.16
531,Chevalier,Hooban,MYR,272466.98
532,Chadwick,Newton,IDR,639062.86
533,Luciana,Loughhead,UYU,783558.98
534,Doris,Ferrao,PHP,917892.62
535,Kip,Lomath,AZN,688549.26
536,Alicia,Akram,BYR,828638.45
537,Tan,Astill,PHP,883693.1
538,Keefe,Melarkey,TJS,969074.08
539,Billye,Gaveltone,EUR,796587.27
540,Daniel,Founds,RUB,551405.4
541,Lotta,Livezey,MYR,699156.07
542,Denver,Le Sieur,PHP,223393.17
543,Codie,Vane,RUB,786879.71
544,Lauralee,Berks,PHP,516606.38
545,Diannne,Tabourel,IDR,247085.41
546,Ozzie,Leahair,CNY,516287.63
547,Janeta,Cromar,COP,34883.7
548,Wilhelm,Kettridge,EUR,801043.36
549,Willie,Gurys,CNY,696701.72
550,Peggie,Eagling,CNY,701950.64
551,Steffi,Treher,AFN,635785.11
552,Cherlyn,Draxford,UAH,193772.77
553,Caitlin,Loude,EUR,577607.85
554,Wynn,Rennebach,UAH,199979.2
555,Cosme,Kennett,CNY,287132.72
556,Reeva,Buttel,IDR,228777.06
557,Jeni,Hawler,PHP,430555.07
558,Elisabet,Cawdell,IDR,906758.83
559,Fionna,Junkin,CNY,88233.73
560,Maribeth,Kahane,CNY,674619.83
561,Drusie,Sumbler,CNY,803347.16
562,Debra,McNern,TND,871206.31
563,Zane,Wilsey,SEK,659673.96
564,Odella,Stemp,CZK,782443.87
565,Gal,Wicklin,EUR,754156.29
566,Larissa,Gauntlett,XOF,532017.28
567,Mair,MacAlister,CNY,896146.47
568,Randee,Whitecross,CNY,459036.65
569,Ambrosi,Edmenson,CNY,507083.5
570,Meir,Hallam,CNY,211290.96
571,Sophie,Crother,CNY,79183.47
572,Evangelina,Perris,UAH,85538.79
573,Marlo,O'Neal,UAH,696165.35
574,Robin,Calow,UYU,382134.54
575,Jacenta,Woolward,IDR,376103.26
576,Hastings,Silmon,CNY,858634.1
577,Stoddard,Antill,CNY,859970.76
578,Sheelah,Mastrantone,LYD,960157.72
579,Salaidh,Faveryear,PLN,533548.55
580,Anthia,Capun,CNY,782749.34
581,Ana,Keijser,BDT,989181.65
582,Boyce,Patington,PKR,150692.07
583,Janice,Aveling,RUB,612510.32
584,Galvan,Gapp,PLN,636187.71
585,Leia,Mayler,IDR,620647.69
586,Meridel,Piggot,BOB,720953.05
587,Marybelle,Weigh,UAH,927224.72
588,Rustin,Christiensen,EUR,244223.97
589,Jaclin,Pepi,EUR,51995.5
590,Onofredo,Dood,CNY,821669.52
591,Blane,Stratton,PHP,879817.54
592,Benedikta,Nijs,SEK,152593.09
593,Hanna,Kilner,USD,922766.47
594,Leshia,Stollenbecker,EUR,451206.31
595,Nicoline,Du Pre,JPY,841951.62
596,Averyl,Sharply,UAH,922709.35
597,Wilfrid,Iorio,CNY,337208.79
598,Alexine,Rousel,CNY,419912.92
599,Lalo,Hardiker,EUR,12146.67
600,Caritta,Cornilli,JOD,608242.08
601,Inglebert,Collcott,CNY,740571.53
602,Earvin,Willshear,MNT,243332.31
603,Mercedes,Camoys,EUR,399791.84
604,Dulcinea,Pulley,MXN,447786.33
605,Carlos,Barthelet,CNY,400988.43
606,Jaquenetta,Sewill,CNY,890710.77
607,Kyrstin,Le Barr,MYR,207215.19
608,Maiga,Pirolini,CNY,769028.69
609,Chandra,Lapthorne,IDR,148447.44
610,Lorant,Aikett,IDR,298784.9
611,Paulo,Landall,PHP,429016.23
612,Kinna,Ormesher,CNY,102150.86
613,Immanuel,Upstone,BYR,900720.27
614,Darryl,McKeggie,EUR,150785.8
615,Rosemaria,Clemmett,RUB,105948.13
616,Devin,Boutflour,SAR,887602.98
617,Tracey,Barrowclough,PEN,203828.5
618,Rick,Agney,CNY,782171.35
619,Dunstan,Canning,MYR,35574.88
620,Channa,Nestoruk,CZK,14136.28
621,Amery,Raynes,COP,979830.92
622,Hal,Gilks,EUR,207646.27
623,Mikey,Shackleford,IDR,608044.55
624,Giffer,Wollers,IRR,753346.66
625,Mollie,Burgise,PLN,330840.91
626,Kynthia,Broadbury,RSD,355586.32
627,Ayn,Killingworth,PHP,310040.49
628,Leroy,Sandle,RUB,587978.26
629,Wenona,Lemmen,IDR,941116.6
630,Lydia,Chadd,EUR,620593.17
631,Saw,Speares,XOF,692510.49
632,Nero,Anderson,NOK,779369.47
633,Jane,Hebblewhite,CNY,961285.94
634,Kiersten,Andrick,CZK,527615.63
635,Corrie,Cabrera,IDR,162831.9
636,Pietrek,Boram,BRL,968679.58
637,Nefen,Neenan,JPY,202533.7
638,Kenon,Elener,IDR,763294.44
639,Keary,Whitmell,PLN,590977.63
640,Yorke,Thring,EUR,24848.58
641,Kerry,McClymond,PEN,247495.92
642,Myrna,Gaggen,PLN,946881.42
643,Sutherlan,Gertray,USD,394695.31
644,Peterus,McMichael,CRC,156753.32
645,Ruprecht,Ranner,RUB,471547.64
646,Katuscha,Canas,IRR,82822.04
647,Breanne,Escudier,PHP,657394.58
648,Obed,Dalgarnowch,EUR,73851.03
649,Isobel,Leaton,NOK,3993.28
650,Rosalind,Preist,NOK,904684.92
651,Tam,Boyce,EUR,648565.23
652,Annadiane,Doig,IDR,848046.9
653,Ilaire,Smittoune,IDR,334514.83
654,Artemus,Forbear,CNY,450825.18
655,Meyer,Myhan,LBP,781067.98
656,Stafford,Manass,UAH,226567.22
657,Doralyn,Etoile,CNY,316599.07
658,Milissent,Dilliway,PLN,640487.27
659,Cynthea,Boldry,RUB,601967.68
660,Cris,Reggiani,USD,487072.92
661,Freda,Westgarth,CNY,135661.99
662,Jyoti,Monery,GTQ,654475.4
663,Marla,Lourens,PLN,62775.22
664,Huntington,Westhofer,PHP,814544.17
665,Maggie,Benion,EUR,344148.67
666,Elise,Ilbert,EUR,713534.88
667,Teri,Leggitt,CNY,941656.72
668,Rockie,M'Chirrie,NIO,319848.29
669,Aeriel,Enriquez,ARS,435059.99
670,Edgardo,Tomaselli,UAH,821464.84
671,Camellia,Janjusevic,MXN,944298.79
672,Essy,Devereu,EUR,595122.91
673,Gertie,Warlock,IDR,131477.72
674,Verney,Scrafton,PLN,854930.56
675,Yorgo,Norgan,EUR,972550.16
676,Waverley,Bresland,IDR,570886.05
677,Dael,Oloshkin,CNY,153130.64
678,Ellis,Dominy,EUR,243080.91
679,Davita,Raitt,UAH,48141.79
680,Claudianus,Gierck,PAB,825895.75
681,Wood,Klimpke,THB,451004.39
682,Anatole,Edland,MWK,196359.06
683,Don,Goodright,CNY,101831.67
684,Napoleon,Tice,CNY,883734.9
685,Lauree,Sirey,ARS,351235.02
686,Andee,Schumacher,NAD,544712.19
687,Mair,Benford,BRL,705908.85
688,Adelaida,Portinari,CNY,231385.97
689,Theo,Scouller,EUR,724727.28
690,Bryon,Vicar,BRL,792119.41
691,Frannie,Pedwell,DOP,704520.27
692,Maurine,Burtwistle,BRL,426763.35
693,Courtnay,McLaverty,RSD,193647.59
694,Arden,Dunkerk,IDR,633235.5
695,Buckie,Lehrahan,IDR,418158.29
696,Monica,Van,MNT,183508.83
697,Anica,Yoell,CNY,639551.7
698,Juieta,Barfield,PYG,500654.28
699,Darby,Pedder,CNY,128308.28
700,Harper,Canfer,XOF,681856.26
701,Devonne,Fewings,BRL,221639.36
702,Sonnnie,Gathwaite,ARS,984610.16
703,Glad,Frape,EUR,149672.85
704,Dicky,Starte,CNY,520984.58
705,Lorna,Colthurst,ARS,517845.49
706,Leonora,Hefford,IDR,704738.97
707,Halley,McCullum,PHP,532876.48
708,Conn,Casement,NIO,684209.8
709,Dulci,Eade,CNY,931209.52
710,Christy,O'Loghlen,CNY,855662.34
711,Benn,Sterricks,BRL,679118.4
712,Kerianne,McGavigan,RUB,291423.55
713,Glyn,Checcuzzi,PHP,728692.04
714,Courtenay,Klimkin,CVE,115366.67
715,Dawn,Townson,KES,980538.31
716,Reena,Abrahm,IDR,252265.49
717,Patten,Scading,MDL,825105.58
718,Ashla,Sirkett,IDR,525396.01
719,Jo-ann,Siverns,THB,309365.97
720,Darda,Leband,MNT,401661.49
721,Tabb,Snalum,SDG,407169.13
722,Bertie,Balasini,PAB,289916.8
723,Brett,Melland,CNY,913176.22
724,Warner,Fudge,CNY,32072.76
725,Ethe,Schimmang,BRL,538851.6
726,Angelica,Nelthrop,CNY,248910.53
727,Janene,Goodlake,NPR,600332.95
728,Tully,Bartod,IDR,371437.97
729,Isidor,Thunder,EUR,48893.45
730,Terrence,Mitchener,PHP,446263.5
731,Barth,Fidler,EUR,49565.86
732,Collie,Mowson,BGN,578272.81
733,Barbee,Letrange,IDR,609249.11
734,Raleigh,Jerrams,CNY,57623.27
735,Dave,McKeowon,EUR,714.14
736,Augusto,Euels,GTQ,880292.28
737,Elsa,Ambresin,THB,483828.47
738,Kerrin,McRonald,PLN,107067.41
739,Pasquale,Warbrick,BRL,99229.45
740,Netti,Hardwidge,IDR,293255.2
741,Christoph,Seeler,GBP,739068.92
742,Albina,Kissell,IDR,102411.95
743,Anitra,Yarnell,EUR,2161.55
744,Elmira,Denidge,BRL,473222.64
745,Willa,Mackiewicz,TND,711278.35
746,Corrine,Giaomozzo,CNY,186669.96
747,Essy,Lambrook,CNY,68924.46
748,Florence,Tombleson,RUB,410094.07
749,Gabrielle,McTrustram,CNY,962363.8
750,Hadria,Gioani,IRR,248471.65
751,Janean,Mulholland,ZAR,615662.51
752,Glenine,Skowcraft,EUR,383669.48
753,Philomena,McLoughlin,IDR,998324.13
754,Alicia,Leglise,NOK,224067.09
755,Oneida,Dran,RUB,547452.41
756,Violette,Parriss,IDR,323374.51
757,Anjela,Carayol,VEF,975326.6
758,Poppy,Towey,IDR,525732.19
759,Whitney,Hamprecht,UAH,156283.01
760,Shirlene,Arguile,PHP,700485.1
761,Modesta,Dunleavy,IDR,917383.59
762,Ali,McGiven,USD,983206.43
763,Stavro,Colnet,CLP,661840.19
764,Trish,Beadman,UAH,378497.38
765,Sonnie,Shaughnessy,EUR,509037.43
766,Alida,Chipperfield,PLN,675693.74
767,Bone,Baguley,CAD,720385.65
768,Darda,Headan,RUB,809946.99
769,Dallis,Lowdeane,EUR,940398.98
770,Ivie,Birchall,AMD,109393.73
771,Saunderson,Hullot,IDR,72859.85
772,Patrizia,Doctor,JMD,410667.77
773,Sileas,Ronchka,CNY,261037.33
774,Casie,Larby,PHP,921908.14
775,Jacob,Coller,PHP,717209.91
776,Zebedee,Burleton,PLN,593984.58
777,Anatollo,Kinkead,PHP,597119.81
778,Tybi,Admans,IDR,236842.53
779,Jeniffer,Clemmen,IRR,64477.05
780,Vivian,Ayto,EUR,631329.99
781,Seamus,Wormstone,EUR,922837.61
782,Barbara-anne,Catlette,EUR,167310.35
783,Bern,Petrollo,USD,132579.57
784,Sharlene,De Ruggiero,PHP,306990.53
785,Loralee,Southworth,ETB,874679.33
786,Ernaline,Lownie,CZK,554365.07
787,Fergus,Lanfranconi,EUR,442776.36
788,Fernanda,Leagas,BYR,512370.95
789,Verena,Scothern,PEN,207019.63
790,Susanne,Kubec,PHP,501464.93
791,Gran,Izakovitz,CNY,49305.16
792,Yanaton,Bosworth,PHP,938103.72
793,Cristian,Gumbley,CNY,449231.92
794,Darrelle,Stanfield,RSD,728355.02
795,Rebekkah,Feathers,IDR,966583.23
796,Madelon,Blackall,CNY,222255.01
797,Rhea,Duckerin,EUR,553942.97
798,Harriette,Rogeon,BRL,301442.56
799,Lek,Selkirk,MYR,528456.99
800,Blondell,Macconachy,EUR,728990.78
801,Sybila,Dumsday,PHP,366453.24
802,Elenore,Ismay,RUB,205525.44
803,Delphinia,Makiver,IDR,959614.13
804,Dawn,Tapper,EUR,59623.43
805,Clair,Bridgwood,JPY,183288.95
806,Hettie,Harbottle,CNY,864888.22
807,Grantham,Leggan,JPY,791348.62
808,Adriano,Keningley,NOK,902016.7
809,Neilla,Mendus,CNY,797952.7
810,Bobbi,Colomb,MMK,908801.66
811,Brigida,Shevelin,CNY,429234.97
812,Horton,Hale,BRL,109954.24
813,Wilhelm,Raffon,PEN,374401.82
814,Fabien,Muscott,XOF,606261.76
815,Cassondra,Rigts,BRL,48792.29
816,Anton,Skeats,RUB,534847.57
817,Joye,Scheffler,PLN,921626.47
818,Nathanael,Petronis,AMD,355628.23
819,Harlan,Griffin,IDR,942082.87
820,Avis,Rivitt,MGA,28861.57
821,Haley,Willwood,MNT,950441.5
822,Bail,Antonoczyk,ZAR,147223.77
823,Ursa,Waison,IDR,732685.15
824,Luce,Brastead,BDT,341289.22
825,Kaiser,Champneys,IDR,414033.12
826,Erek,Opdenorth,CNY,957201.28
827,Farr,Daverin,IDR,451026.6
828,Sutton,Manes,ARS,125347.94
829,Fritz,Dullard,CNY,226841.94
830,Cookie,Kyrkeman,IDR,550336.07
831,Doroteya,Waryk,CNY,374997.89
832,Winslow,Mundall,EUR,574231.3
833,Joly,Scaddon,IDR,616338.67
834,Elfrieda,McGinnis,RUB,757697.65
835,Mia,Cettell,CNY,732496.03
836,Tanney,Tregidga,IDR,441010.54
837,Laughton,Sibbet,NGN,967205.16
838,Codi,Fursse,IDR,7649.7
839,Fernanda,Drugan,CNY,408854.3
840,Craggy,Cathrae,XOF,467199.65
841,Melantha,Maskelyne,THB,492420.7
842,Amie,Curme,RUB,112561.67
843,Lizzy,Digweed,JPY,886710.98
844,Adriena,Praten,LTL,836279.41
845,Katleen,Killshaw,CNY,351456.42
846,Gerladina,Cherrington,MXN,609010.63
847,Suzie,Macenzy,CNY,159551.23
848,Lila,Langthorn,IDR,799391.92
849,Arnaldo,Houlton,BOB,988747.69
850,Blanca,Jacklings,BGN,708020.67
851,Cedric,Gounod,MXN,664224.02
852,Ben,Scutcheon,JPY,763131.74
853,Sullivan,Simeonov,CNY,666560.66
854,Artair,Marl,EUR,346142.05
855,Hinze,Standfield,RUB,18069.3
856,Chip,Jacqueminet,JPY,876040.24
857,Tammi,Greenalf,JPY,342393.62
858,Georgeanne,Chaucer,CAD,495677.86
859,Sammy,Siddon,BAM,851469.88
860,David,Jenno,NOK,745090.68
861,Ernst,Juszczak,AMD,420232.81
862,Caterina,Almeida,IDR,725240.67
863,Viva,Chiles,EUR,965774.5
864,Daffie,Reuter,LAK,273678.39
865,Flory,Gore,IDR,65388.57
866,Catherina,Samett,EUR,473573.8
867,Karlik,Sybry,EUR,106195.68
868,Samantha,Olley,PKR,109894.28
869,Edmon,Clappison,PHP,191027.51
870,Jillian,Maxwaile,UAH,340450.32
871,Noelani,Izhakov,CZK,651407.08
872,Joshuah,Corcut,PEN,89835.14
873,Evangelin,Leon,EUR,41255.52
874,Franzen,Pasmore,CNY,668116.37
875,Humfrid,Fowley,HRK,489488.32
876,Ailey,Leese,PHP,308826.32
877,Averell,Jozefiak,PLN,54468.63
878,Luigi,Osinin,SEK,967462.68
879,Hunt,Collis,THB,535294.08
880,Becki,Wikey,IDR,49258.96
881,Onfroi,Snalom,EGP,112408.57
882,Patrick,Demanche,SEK,844809.44
883,Ariela,Pelzer,CNY,157412.57
884,Fredia,Nafziger,PHP,512258.55
885,Gayelord,Pieroni,CNY,169185.25
886,Darlleen,Beresford,AFN,64615.76
887,Godard,Simoens,NAD,76017.88
888,Guinna,Dicks,CNY,82623.81
889,Zared,Boylund,PHP,338037.65
890,Dore,Rowson,EUR,69383.99
891,Fallon,Torbard,SEK,189420.45
892,Tonye,Flexman,SEK,836238.02
893,Ludwig,Grigorian,PEN,367224.06
894,Liva,Lyes,BRL,40771.98
895,Lyon,Riatt,PEN,577404.25
896,Cord,Ughini,IDR,411739.4
897,Fina,Fontenot,EUR,665425.15
898,Harley,Cutten,CNY,182876.34
899,Vanda,Crutchley,CAD,373124.37
900,Tucky,Clarson,ZMW,33479.86
901,Elwood,Plinck,PEN,469036.91
902,Thadeus,Poyner,PLN,671980.9
903,Abbey,Benford,PEN,759667.78
904,Lizzy,Winser,JMD,141276.3
905,Alta,Garmey,SEK,796297.88
906,Robinett,Longstreeth,BRL,703327.49
907,Guillemette,Klimes,SEK,427512.56
908,Lance,McMonies,PHP,268132.18
909,Koenraad,Peeke,BAM,759387.32
910,Livy,Whytock,CNY,616688.0
911,Anabel,Zannetti,RUB,897564.35
912,Gretal,Toller,UAH,698931.8
913,Petra,Chasteau,COP,302995.7
914,Madalena,Grzes,CNY,533020.56
915,Constancia,Levison,PHP,526742.83
916,Stevena,Jennens,ARS,65288.22
917,Adelaide,Bloxholm,BRL,548445.18
918,Jarvis,Markwick,THB,968514.18
919,Temp,Moles,EUR,215019.54
920,Brigid,Connors,CNY,787171.94
921,Lyman,Crisall,EUR,986458.37
922,Tabby,Nevett,USD,339664.19
923,Frayda,Bearne,THB,63769.32
924,Gilbertina,Shafier,BRL,264592.07
925,Danella,Semmence,PLN,15039.68
926,Alec,Josh,PEN,329037.02
927,Chadwick,Honig,IDR,487647.64
928,Margarette,Kilmister,ARS,453016.52
929,Portie,Hindhaugh,UAH,260813.82
930,Judd,Daffern,BYR,274656.82
931,Vasilis,Campanelli,USD,244345.98
932,Rivkah,Meeron,IDR,828849.43
933,Bent,Wurst,EUR,693858.4
934,Bunnie,Pilkington,EUR,815031.36
935,Reagan,Gammage,IDR,808909.29
936,Renelle,Lowthorpe,CNY,510689.62
937,Gray,Grimditch,THB,312973.43
938,Jackelyn,Pirri,UAH,368011.83
939,Bondon,Athowe,CNY,39222.54
940,Gabie,Trow,IDR,237608.48
941,Zach,Arbuckle,EUR,102006.93
942,Amalie,Torbett,NGN,287251.23
943,Gael,Squelch,EUR,285116.33
944,Myrtie,Alfonsetto,PHP,530868.34
945,Samson,Allman,PLN,311497.46
946,Gwyneth,Agar,CNY,503675.9
947,Lynette,Paintain,PHP,22914.72
948,Eileen,Dulson,VND,128425.11
949,Desirae,Gaskin,SEK,64107.22
950,Dominica,Plascott,SEK,739865.01
951,Laurella,Quinevan,IDR,138359.17
952,Sherri,Partkya,CAD,657272.46
953,Willetta,Lefeuvre,RUB,510057.37
954,Sawyer,Abelevitz,USD,461952.38
955,Ellary,Marham,RUB,124370.95
956,Sterling,Schelle,USD,837068.72
957,Wilbert,Lampert,IDR,161931.66
958,Phedra,Duxbarry,PHP,296604.14
959,Gayle,Plumm,ZAR,104019.5
960,Gare,Tregea,IDR,570248.54
961,Bobette,Olland,EUR,657825.67
962,Prudence,Vuitte,PLN,405056.51
963,Otha,Grebner,UYU,104501.45
964,Celina,Pember,IDR,374459.94
965,Alfreda,Bloss,CNY,188209.56
966,Bancroft,Gensavage,ARS,566196.61
967,Hartwell,Swainger,PLN,991094.87
968,Jacky,Pitkaithly,EUR,299570.72
969,Lyndsie,Chmiel,CNY,836285.2
970,Toby,Gothrup,USD,966662.43
971,Diena,Lesek,PHP,795057.25
972,Gibby,Durtnall,IDR,956971.82
973,Ciro,Jenicek,EUR,187091.56
974,Abigale,Moscon,EGP,137245.1
975,Brena,Game,XAF,426758.01
976,Mavra,Prosh,ILS,870978.26
977,Darline,Burfoot,COP,961061.87
978,Cassie,Ramm,PAB,529312.83
979,Norrie,Skupinski,EUR,915834.31
980,Doe,McMeekan,XCD,672225.3
981,Aurthur,Attard,JPY,797252.66
982,Vita,Laval,UAH,974386.12
983,Wilfrid,Durnford,CNY,111684.79
984,Kinna,Packe,IDR,228392.66
985,Gasper,Arrowsmith,UYU,510317.74
986,Patty,Baskeyfied,PHP,826319.67
987,Gaultiero,Cervantes,CNY,92880.23
988,Carola,Redmell,HRK,825851.03
989,Massimiliano,Cantero,YER,91666.17
990,Liam,Sames,CNY,729365.71
991,Osbourn,Mullan,BRL,792015.11
992,Maxim,Dybell,CNY,632585.51
993,Roanna,Brimilcome,MYR,827705.81
994,Early,Tichner,IDR,30034.27
995,Joella,Rawstorn,GTQ,303525.68
996,Cort,Aluard,EUR,882417.7
997,Norri,Oslar,ALL,63022.06
998,Herrick,Worvell,TZS,649821.07
999,Winifred,Atwel,BDT,193430.8
1000,Orelie,Rantoull,EUR,557509.23
